{"cameraMode":{"drawMode":0,"name":"Shaded","section":"Shading Mode"},"sceneLighting":false,"audioPlay":false,"sceneViewState":{"showFog":true,"showMaterialUpdate":false,"showSkybox":true,"showFlares":true,"showImageEffects":true,"showParticleSystems":true},"in2DMode":false,"pivot":{"x":-10.625001907348633,"y":0.9470000267028809,"z":-3.750002145767212},"rotation":{"x":-0.1080770194530487,"y":-0.019732343032956125,"z":0.002149662235751748,"w":-0.9939444065093994},"size":37.31339645385742,"orthographic":false}