{"cameraMode":{"drawMode":0,"name":"Shaded","section":"Shading Mode"},"sceneLighting":false,"audioPlay":false,"sceneViewState":{"showFog":true,"showMaterialUpdate":false,"showSkybox":true,"showFlares":true,"showImageEffects":true,"showParticleSystems":true},"in2DMode":false,"pivot":{"x":-6.633066177368164,"y":0.09000003337860108,"z":-16.120399475097658},"rotation":{"x":-0.07705724239349365,"y":-0.7734894752502441,"z":0.09586761891841889,"w":-0.6217601895332336},"size":12.62148666381836,"orthographic":false}