{"cameraMode":{"drawMode":0,"name":"Shaded","section":"Shading Mode"},"sceneLighting":false,"audioPlay":false,"sceneViewState":{"showFog":true,"showMaterialUpdate":false,"showSkybox":true,"showFlares":true,"showImageEffects":true,"showParticleSystems":true},"in2DMode":false,"pivot":{"x":-3.861830949783325,"y":2.332343101501465,"z":-21.918960571289064},"rotation":{"x":-0.07705724239349365,"y":-0.7734894752502441,"z":0.09586761891841889,"w":-0.6217601895332336},"size":22.956085205078126,"orthographic":false}