{"cameraMode":{"drawMode":0,"name":"Shaded","section":"Shading Mode"},"sceneLighting":false,"audioPlay":false,"sceneViewState":{"showFog":true,"showMaterialUpdate":false,"showSkybox":true,"showFlares":true,"showImageEffects":true,"showParticleSystems":true},"in2DMode":false,"pivot":{"x":2.2403082847595217,"y":0.35358667373657229,"z":15.94550895690918},"rotation":{"x":0.28098663687705996,"y":-0.05550936609506607,"z":0.016259636729955674,"w":0.9579671025276184},"size":53.149845123291019,"orthographic":false}