{"cameraMode":{"drawMode":0,"name":"Shaded","section":"Shading Mode"},"sceneLighting":false,"audioPlay":false,"sceneViewState":{"showFog":true,"showMaterialUpdate":false,"showSkybox":true,"showFlares":true,"showImageEffects":true,"showParticleSystems":true},"in2DMode":false,"pivot":{"x":2.0820600986480715,"y":5.469891548156738,"z":62.584205627441409},"rotation":{"x":-0.08709695935249329,"y":-0.0481470562517643,"z":0.004218450281769037,"w":-0.9950267672538757},"size":49.09658432006836,"orthographic":false}