{"cameraMode":{"drawMode":0,"name":"Shaded","section":"Shading Mode"},"sceneLighting":false,"audioPlay":false,"sceneViewState":{"showFog":true,"showMaterialUpdate":false,"showSkybox":true,"showFlares":true,"showImageEffects":true,"showParticleSystems":true},"in2DMode":false,"pivot":{"x":-15.319999694824219,"y":19.69999885559082,"z":-15.960000038146973},"rotation":{"x":0.16664578020572663,"y":0.3178500533103943,"z":-0.05685470625758171,"w":0.9316480755805969},"size":2.9882752895355226,"orthographic":false}