{"cameraMode":{"drawMode":0,"name":"Shaded","section":"Shading Mode"},"sceneLighting":false,"audioPlay":false,"sceneViewState":{"showFog":true,"showMaterialUpdate":false,"showSkybox":true,"showFlares":true,"showImageEffects":true,"showParticleSystems":true},"in2DMode":false,"pivot":{"x":16.95329475402832,"y":3.212843894958496,"z":-5.757392406463623},"rotation":{"x":-0.1080770194530487,"y":-0.019732343032956125,"z":0.002149662235751748,"w":-0.9939444065093994},"size":36.030113220214847,"orthographic":false}