{"cameraMode":{"drawMode":0,"name":"Shaded","section":"Shading Mode"},"sceneLighting":false,"audioPlay":false,"sceneViewState":{"showFog":true,"showMaterialUpdate":false,"showSkybox":true,"showFlares":true,"showImageEffects":true,"showParticleSystems":true},"in2DMode":false,"pivot":{"x":11.410472869873047,"y":0.07800006866455078,"z":-2.1987056732177736},"rotation":{"x":0.0703638419508934,"y":-0.10423526167869568,"z":0.007389802485704422,"w":0.9920330047607422},"size":25.845888137817384,"orthographic":false}