{"cameraMode":{"drawMode":0,"name":"Shaded","section":"Shading Mode"},"sceneLighting":false,"audioPlay":false,"sceneViewState":{"showFog":true,"showMaterialUpdate":false,"showSkybox":true,"showFlares":true,"showImageEffects":true,"showParticleSystems":true},"in2DMode":false,"pivot":{"x":-2.420048713684082,"y":-0.16475248336791993,"z":9.446924209594727},"rotation":{"x":-0.1080770194530487,"y":-0.019732343032956125,"z":0.002149662235751748,"w":-0.9939444065093994},"size":33.816593170166019,"orthographic":false}