{"cameraMode":{"drawMode":0,"name":"Shaded","section":"Shading Mode"},"sceneLighting":false,"audioPlay":false,"sceneViewState":{"showFog":true,"showMaterialUpdate":false,"showSkybox":true,"showFlares":true,"showImageEffects":true,"showParticleSystems":true},"in2DMode":false,"pivot":{"x":0.0,"y":-4.904998779296875,"z":6.656709671020508},"rotation":{"x":0.0703638419508934,"y":-0.10423526167869568,"z":0.007389802485704422,"w":0.9920330047607422},"size":105.06611633300781,"orthographic":false}