{"cameraMode":{"drawMode":0,"name":"Shaded","section":"Shading Mode"},"sceneLighting":false,"audioPlay":false,"sceneViewState":{"showFog":true,"showMaterialUpdate":false,"showSkybox":true,"showFlares":true,"showImageEffects":true,"showParticleSystems":true},"in2DMode":false,"pivot":{"x":-5.4824419021606449,"y":0.36264467239379885,"z":9.358335494995118},"rotation":{"x":-0.04301546514034271,"y":0.7919948101043701,"z":-0.05617240443825722,"w":-0.6064145565032959},"size":52.94132995605469,"orthographic":false}