{"cameraMode":{"drawMode":0,"name":"Shaded","section":"Shading Mode"},"sceneLighting":false,"audioPlay":false,"sceneViewState":{"showFog":true,"showMaterialUpdate":false,"showSkybox":true,"showFlares":true,"showImageEffects":true,"showParticleSystems":true},"in2DMode":false,"pivot":{"x":2.096491813659668,"y":0.9041553735733032,"z":8.029372215270996},"rotation":{"x":0.28098663687705996,"y":-0.05550936609506607,"z":0.016259636729955674,"w":0.9579671025276184},"size":42.109100341796878,"orthographic":false}