{"cameraMode":{"drawMode":0,"name":"Shaded","section":"Shading Mode"},"sceneLighting":true,"audioPlay":false,"sceneViewState":{"showFog":true,"showMaterialUpdate":false,"showSkybox":true,"showFlares":true,"showImageEffects":true,"showParticleSystems":true},"in2DMode":false,"pivot":{"x":165.801025390625,"y":79.02877807617188,"z":-95.42718505859375},"rotation":{"x":0.0025692011695355179,"y":-0.9954950213432312,"z":0.02838076464831829,"w":0.09043040871620178},"size":412.8495788574219,"orthographic":false}