{"cameraMode":{"drawMode":0,"name":"Shaded","section":"Shading Mode"},"sceneLighting":false,"audioPlay":false,"sceneViewState":{"showFog":true,"showMaterialUpdate":false,"showSkybox":true,"showFlares":true,"showImageEffects":true,"showParticleSystems":true},"in2DMode":false,"pivot":{"x":6.669412612915039,"y":-4.867461204528809,"z":25.887582778930665},"rotation":{"x":0.28098663687705996,"y":-0.05550936609506607,"z":0.016259636729955674,"w":0.9579671025276184},"size":37.03886795043945,"orthographic":false}