{"cameraMode":{"drawMode":0,"name":"Shaded","section":"Shading Mode"},"sceneLighting":false,"audioPlay":false,"sceneViewState":{"showFog":true,"showMaterialUpdate":false,"showSkybox":true,"showFlares":true,"showImageEffects":true,"showParticleSystems":true},"in2DMode":false,"pivot":{"x":-6.704873085021973,"y":-0.039999961853027347,"z":-21.58269500732422},"rotation":{"x":-0.07705724239349365,"y":-0.7734894752502441,"z":0.09586761891841889,"w":-0.6217601895332336},"size":19.768033981323243,"orthographic":false}