{"cameraMode":{"drawMode":0,"name":"Shaded","section":"Shading Mode"},"sceneLighting":false,"audioPlay":false,"sceneViewState":{"showFog":true,"showMaterialUpdate":false,"showSkybox":true,"showFlares":true,"showImageEffects":true,"showParticleSystems":true},"in2DMode":false,"pivot":{"x":-22.338302612304689,"y":1.4791202545166016,"z":15.415975570678711},"rotation":{"x":-0.1080770194530487,"y":-0.019732343032956125,"z":0.002149662235751748,"w":-0.9939444065093994},"size":81.74063110351563,"orthographic":false}