{"cameraMode":{"drawMode":0,"name":"Shaded","section":"Shading Mode"},"sceneLighting":false,"audioPlay":false,"sceneViewState":{"showFog":true,"showMaterialUpdate":false,"showSkybox":true,"showFlares":true,"showImageEffects":true,"showParticleSystems":true},"in2DMode":false,"pivot":{"x":-2.369631290435791,"y":0.0,"z":0.7458510398864746},"rotation":{"x":0.023128172382712365,"y":-0.15087971091270448,"z":0.003530898131430149,"w":0.9882752299308777},"size":28.649723052978517,"orthographic":false}