{"cameraMode":{"drawMode":0,"name":"Shaded","section":"Shading Mode"},"sceneLighting":false,"audioPlay":false,"sceneViewState":{"showFog":true,"showMaterialUpdate":false,"showSkybox":true,"showFlares":true,"showImageEffects":true,"showParticleSystems":true},"in2DMode":false,"pivot":{"x":-3.9710118770599367,"y":-1.6124500036239625,"z":-5.323453426361084},"rotation":{"x":0.023128172382712365,"y":-0.15087971091270448,"z":0.003530898131430149,"w":0.9882752299308777},"size":22.553346633911134,"orthographic":false}