{"cameraMode":{"drawMode":0,"name":"Shaded","section":"Shading Mode"},"sceneLighting":false,"audioPlay":false,"sceneViewState":{"showFog":true,"showMaterialUpdate":false,"showSkybox":true,"showFlares":true,"showImageEffects":true,"showParticleSystems":true},"in2DMode":false,"pivot":{"x":1.1440433263778687,"y":2.165271043777466,"z":0.46390247344970705},"rotation":{"x":0.023128172382712365,"y":-0.15087971091270448,"z":0.003530898131430149,"w":0.9882752299308777},"size":10.235127449035645,"orthographic":false}